[1,["3bxwn8ztVIh4xw2AIbkNt6@6c48a","a0J69oNFNFY7t1tCRoKn9q@6c48a","c95PhvA6NPB4zy8uogRezf@6c48a","d20esiY41EK4bVc/cnMss+@6c48a"],["_textureSource"],["cc.SpriteFrame"],0,[[[{"name":"powerup warning","rect":{"x":6,"y":6,"width":48,"height":48},"offset":{"x":0,"y":0},"originalSize":{"width":60,"height":60},"rotated":false,"capInsets":[0,0,0,0],"vertices":{"rawPosition":[-24,-24,0,24,-24,0,-24,24,0,24,24,0],"indexes":[0,1,2,2,1,3],"uv":[6,54,54,54,6,6,54,6],"nuv":[0.1,0.1,0.9,0.1,0.1,0.9,0.9,0.9],"minPos":{"x":-24,"y":-24,"z":0},"maxPos":{"x":24,"y":24,"z":0}},"packable":true,"pixelsToUnit":100,"pivot":{"x":0.5,"y":0.5},"meshType":0}],[0],0,[0],[0],[0]],[[{"name":"powerup warning 2","rect":{"x":6,"y":6,"width":48,"height":48},"offset":{"x":0,"y":0},"originalSize":{"width":60,"height":60},"rotated":false,"capInsets":[0,0,0,0],"vertices":{"rawPosition":[-24,-24,0,24,-24,0,-24,24,0,24,24,0],"indexes":[0,1,2,2,1,3],"uv":[6,54,54,54,6,6,54,6],"nuv":[0.1,0.1,0.9,0.1,0.1,0.9,0.9,0.9],"minPos":{"x":-24,"y":-24,"z":0},"maxPos":{"x":24,"y":24,"z":0}},"packable":true,"pixelsToUnit":100,"pivot":{"x":0.5,"y":0.5},"meshType":0}],[0],0,[0],[0],[1]],[[{"name":"powerup warning 1","rect":{"x":6,"y":6,"width":48,"height":48},"offset":{"x":0,"y":0},"originalSize":{"width":60,"height":60},"rotated":false,"capInsets":[0,0,0,0],"vertices":{"rawPosition":[-24,-24,0,24,-24,0,-24,24,0,24,24,0],"indexes":[0,1,2,2,1,3],"uv":[6,54,54,54,6,6,54,6],"nuv":[0.1,0.1,0.9,0.1,0.1,0.9,0.9,0.9],"minPos":{"x":-24,"y":-24,"z":0},"maxPos":{"x":24,"y":24,"z":0}},"packable":true,"pixelsToUnit":100,"pivot":{"x":0.5,"y":0.5},"meshType":0}],[0],0,[0],[0],[2]],[[{"name":"powerup warning 3","rect":{"x":6,"y":6,"width":48,"height":48},"offset":{"x":0,"y":0},"originalSize":{"width":60,"height":60},"rotated":false,"capInsets":[0,0,0,0],"vertices":{"rawPosition":[-24,-24,0,24,-24,0,-24,24,0,24,24,0],"indexes":[0,1,2,2,1,3],"uv":[6,54,54,54,6,6,54,6],"nuv":[0.1,0.1,0.9,0.1,0.1,0.9,0.9,0.9],"minPos":{"x":-24,"y":-24,"z":0},"maxPos":{"x":24,"y":24,"z":0}},"packable":true,"pixelsToUnit":100,"pivot":{"x":0.5,"y":0.5},"meshType":0}],[0],0,[0],[0],[3]]]]
