[1,["0a3EJ8PdFNEq/vKjX+Jvt7@6c48a","59XVa59D1On7M1eLzXXwzz@6c48a","5cXcENkr9DBLK3DK0bqd7C@6c48a","aaif7hhUlGk449srZc1vYX@6c48a","dc5d6GJT1LWLNNspNLKbMV@6c48a"],["_textureSource"],["cc.SpriteFrame"],0,[[[{"name":"redbird-downflap","rect":{"x":0,"y":0,"width":34,"height":24},"offset":{"x":0,"y":0},"originalSize":{"width":34,"height":24},"rotated":false,"capInsets":[0,0,0,0],"vertices":{"rawPosition":[-17,-12,0,17,-12,0,-17,12,0,17,12,0],"indexes":[0,1,2,2,1,3],"uv":[0,24,34,24,0,0,34,0],"nuv":[0,0,1,0,0,1,1,1],"minPos":{"x":-17,"y":-12,"z":0},"maxPos":{"x":17,"y":12,"z":0}},"packable":true,"pixelsToUnit":100,"pivot":{"x":0.5,"y":0.5},"meshType":0}],[0],0,[0],[0],[0]],[[{"name":"bluebird-midflap","rect":{"x":0,"y":0,"width":34,"height":24},"offset":{"x":0,"y":0},"originalSize":{"width":34,"height":24},"rotated":false,"capInsets":[0,0,0,0],"vertices":{"rawPosition":[-17,-12,0,17,-12,0,-17,12,0,17,12,0],"indexes":[0,1,2,2,1,3],"uv":[0,24,34,24,0,0,34,0],"nuv":[0,0,1,0,0,1,1,1],"minPos":{"x":-17,"y":-12,"z":0},"maxPos":{"x":17,"y":12,"z":0}},"packable":true,"pixelsToUnit":100,"pivot":{"x":0.5,"y":0.5},"meshType":0}],[0],0,[0],[0],[1]],[[{"name":"redbird-midflap","rect":{"x":0,"y":0,"width":34,"height":24},"offset":{"x":0,"y":0},"originalSize":{"width":34,"height":24},"rotated":false,"capInsets":[0,0,0,0],"vertices":{"rawPosition":[-17,-12,0,17,-12,0,-17,12,0,17,12,0],"indexes":[0,1,2,2,1,3],"uv":[0,24,34,24,0,0,34,0],"nuv":[0,0,1,0,0,1,1,1],"minPos":{"x":-17,"y":-12,"z":0},"maxPos":{"x":17,"y":12,"z":0}},"packable":true,"pixelsToUnit":100,"pivot":{"x":0.5,"y":0.5},"meshType":0}],[0],0,[0],[0],[2]],[[{"name":"redbird-upflap","rect":{"x":0,"y":0,"width":34,"height":24},"offset":{"x":0,"y":0},"originalSize":{"width":34,"height":24},"rotated":false,"capInsets":[0,0,0,0],"vertices":{"rawPosition":[-17,-12,0,17,-12,0,-17,12,0,17,12,0],"indexes":[0,1,2,2,1,3],"uv":[0,24,34,24,0,0,34,0],"nuv":[0,0,1,0,0,1,1,1],"minPos":{"x":-17,"y":-12,"z":0},"maxPos":{"x":17,"y":12,"z":0}},"packable":true,"pixelsToUnit":100,"pivot":{"x":0.5,"y":0.5},"meshType":0}],[0],0,[0],[0],[3]],[[{"name":"bluebird-downflap","rect":{"x":0,"y":0,"width":34,"height":24},"offset":{"x":0,"y":0},"originalSize":{"width":34,"height":24},"rotated":false,"capInsets":[0,0,0,0],"vertices":{"rawPosition":[-17,-12,0,17,-12,0,-17,12,0,17,12,0],"indexes":[0,1,2,2,1,3],"uv":[0,24,34,24,0,0,34,0],"nuv":[0,0,1,0,0,1,1,1],"minPos":{"x":-17,"y":-12,"z":0},"maxPos":{"x":17,"y":12,"z":0}},"packable":true,"pixelsToUnit":100,"pivot":{"x":0.5,"y":0.5},"meshType":0}],[0],0,[0],[0],[4]]]]
